TopicKeyword,[0, 1, 2, 3]
																																																																						antennas,0.033,,0.021,
antenna,0.029,,0.028,
lens,0.021,,,
liquid,0.021,,,
vol,0.016,,0.008,
water,0.012,,,
beam,0.012,,,
propag,0.011,,,
ieee_trans,0.009,,,
ieee,0.007,,0.009,
doi,,0.041,,0.018
stimulation,,0.022,,
org,,0.021,,
https,,0.021,,
brain,,0.017,,
cognitive,,0.016,,
tms,,0.014,,
nibs,,0.013,,
neuronal,,0.012,,
effects,,0.012,,
array,,,0.028,
band,,,0.017,
scanning,,,0.016,
ghz,,,0.012,
gain,,,0.012,
plane,,,0.009,
overlap,,,,0.022
representations,,,,0.021
similarity,,,,0.015
location,,,,0.015
endpoints,,,,0.014
participants,,,,0.013
video,,,,0.011
rsc,,,,0.011
phc,,,,0.011
